banca,advertiser_id,advertiser,tara,reclame_ro_2026_09_29,rol,nota
bt,AR06821672504419942401,Banca Transilvania SA,RO,8893,banca,prima din cele 2 grafii ale BT
bt,AR17818043342127104001,BANCA TRANSILVANIA SA,RO,1270,banca,a doua grafie
ing,AR09420690565374148609,ING BANK N.V. AMSTERDAM SUCURSALA BUCURESTI,RO,1290,banca,prima din cele 2 grafii ale ING
ing,AR18305299736816517121,ING BANK N.V.AMSTERDAM SUCURSALA BUCURESTI,RO,748,banca,a doua grafie (fara spatiu dupa N.V.)
bcr,AR01664430875242135553,Banca Comerciala Romana SA,RO,1380,banca,
raiffeisen,AR05866526753370931201,Raiffeisen Bank SA,RO,932,banca,
-,AR09268197339212808193,Raiffeisen Bank International,AT,747,exclus,grupul din Austria: reclamele sunt in germana; nu sunt ale Raiffeisen Romania; verificat manual pe ATC 29.09
revolut,AR07098428377224183809,Revolut Ltd,GB,750,banca,Revolut n-are alta entitate care face reclama in RO; limba mixta: ~20% din reclame in romana (esantion manual pe ATC 29.09)
revolut,AR08665437127766441985,Revolut Ltd,GB,109,banca,limba reclamelor neverificata
revolut,AR11406278393268797441,Revolut Ltd,GB,7,banca,limba reclamelor neverificata
-,AR02349465248282443777,Revolut,RO,4,exclus,nu e Revolut: cele 4 reclame sunt anunturi Autovit.ro (Ford Mondeo; Ford Transit; Skoda Octavia); identitate neconfirmata la Google; verificat manual pe ATC 29.09
nexent,AR07634580698245890049,Nexent Bank N.V. Amsterdam Sucursala Bucuresti,RO,296,banca,
cec,AR16666054893395509249,CEC BANK S.A.,RO,202,banca,site blocat (WAF); reclamele sunt singura sursa automata
tbi,AR10658922043308769281,TBI Bank EAD Sofia - Sucursala Bucuresti,RO,193,banca,
salt,AR14320414390799564801,SALT BANK S.A.,RO,191,banca,
libra,AR17078268812035358721,Libra Internet Bank,RO,154,banca,
unicredit,AR15233555825550163969,UNICREDIT BANK S.A.,RO,118,banca,site blocat (WAF)
garanti,AR00158896541363339265,Garanti Bank S.A.,RO,95,banca,
patria,AR18194238221913686017,PATRIA BANK S.A.,RO,5,banca,ultima afisare 2026-01-31
bcr,AR02712531297808416769,BCR Social Finance,RO,58,filiala,IFN al grupului BCR; in afara comparatiei intre banci
bcr,AR17516865924500553729,BCR Leasing IFN SA,RO,11,filiala,
bcr,AR08018363952020848641,BCR PENSII SAFPP SA,RO,8,filiala,
brd,AR03431759288471650305,BRD Asset Management S.A.I,RO,4,filiala,banca BRD insasi nu apare in set: cautata pe 29.09 dupa BRD si dupa Societe Generale; apar doar entitati SG de pe alte piete
-,AR09435643073108377601,BCR Asigurari de Viata VIENNA INSURANCE GROUP,RO,230,exclus,asigurator VIG; alta companie decat banca
-,AR12909280878286340097,GARANTI PREST,RO,1796,exclus,nu e Garanti Bank; prins de filtrul vechi pe GARANTI
-,AR10318629929020817409,Societe Generale Sa,FR,24,exclus,grup Societe Generale (BRD) de pe alta piata; exclus ca RBI; limba reclamelor neverificata; gasit la cautarea din 29.09
-,AR16523920681675522049,SOCIETE GENERALE S.A.,IT,7,exclus,grup Societe Generale (BRD) de pe alta piata; exclus ca RBI; limba reclamelor neverificata; gasit la cautarea din 29.09
-,AR00647093138753585153,SOCIETE GENERALE,FR,5,exclus,grup Societe Generale (BRD) de pe alta piata; exclus ca RBI; limba reclamelor neverificata; gasit la cautarea din 29.09
-,AR06187404430069989377,SOCIETE GENERALE,FR,2,exclus,grup Societe Generale (BRD) de pe alta piata; exclus ca RBI; limba reclamelor neverificata; gasit la cautarea din 29.09
-,AR13118533007797387265,Societe Generale S.A.,DE,2,exclus,grup Societe Generale (BRD) de pe alta piata; exclus ca RBI; limba reclamelor neverificata; gasit la cautarea din 29.09
-,AR05472441101413515265,"Societe Generale Paris, Zweigniederlassung Zurich",CH,1,exclus,grup Societe Generale (BRD) de pe alta piata; exclus ca RBI; limba reclamelor neverificata; gasit la cautarea din 29.09
-,AR06646215634315116545,INTESA SANPAOLO S.P.A.,IT,28,exclus,grup Intesa Sanpaolo de pe alta piata; exclus ca RBI; limba reclamelor neverificata; gasit la cautarea din 29.09
-,AR17501024607644155905,INTESA SANPAOLO SPA,IT,7,exclus,grup Intesa Sanpaolo de pe alta piata; exclus ca RBI; limba reclamelor neverificata; gasit la cautarea din 29.09
-,AR14546863397565104129,Intesa Sanpaolo Banka d.d.,BA,6,exclus,grup Intesa Sanpaolo de pe alta piata; exclus ca RBI; limba reclamelor neverificata; gasit la cautarea din 29.09
-,AR08355718720995196929,INTESA SANPAOLO S.P.A.,IT,3,exclus,grup Intesa Sanpaolo de pe alta piata; exclus ca RBI; limba reclamelor neverificata; gasit la cautarea din 29.09
-,AR12292087171543728129,Intesa Sanpaolo Spa,IT,3,exclus,grup Intesa Sanpaolo de pe alta piata; exclus ca RBI; limba reclamelor neverificata; gasit la cautarea din 29.09
-,AR11480409700596449281,INTESA SANPAOLO S.P.A.,IT,2,exclus,grup Intesa Sanpaolo de pe alta piata; exclus ca RBI; limba reclamelor neverificata; gasit la cautarea din 29.09
-,AR14468935931853275137,Intesa Sanpaolo Wealth Management S.A.,LU,1,exclus,grup Intesa Sanpaolo de pe alta piata; exclus ca RBI; limba reclamelor neverificata; gasit la cautarea din 29.09
-,AR02823167267351560193,"ProCredit Bank AD, Belgrade",RS,10,exclus,grup ProCredit de pe alta piata; exclus ca RBI; limba reclamelor neverificata; gasit la cautarea din 29.09
-,AR07367656941885063169,ProCredit Bank AD Skopje,MK,8,exclus,grup ProCredit de pe alta piata; exclus ca RBI; limba reclamelor neverificata; gasit la cautarea din 29.09
-,AR10129402569131294721,"Banca Comerciala ProCredit Bank"" S.A.",MD,8,exclus,grup ProCredit de pe alta piata; exclus ca RBI; limba reclamelor neverificata; gasit la cautarea din 29.09
-,AR15254042338515746817,ProCredit Bank d.d. Sarajevo,BA,5,exclus,grup ProCredit de pe alta piata; exclus ca RBI; limba reclamelor neverificata; gasit la cautarea din 29.09
-,AR10331514212433526785,ProCredit Bank AG,DE,4,exclus,grup ProCredit de pe alta piata; exclus ca RBI; limba reclamelor neverificata; gasit la cautarea din 29.09
-,AR02264255845908873217,PROCREDIT BANK (BULGARIA) EAD,BG,1,exclus,grup ProCredit de pe alta piata; exclus ca RBI; limba reclamelor neverificata; gasit la cautarea din 29.09
-,AR17996792304664313857,"Citibank, N.A.",US,4,exclus,grup Citi de pe alta piata; exclus ca RBI; limba reclamelor neverificata; gasit la cautarea din 29.09
-,AR14923972074593583105,CITIBANK N.A,SG,2,exclus,grup Citi de pe alta piata; exclus ca RBI; limba reclamelor neverificata; gasit la cautarea din 29.09
-,AR16341843351412146177,BANCO CITIBANK S A,BR,1,exclus,grup Citi de pe alta piata; exclus ca RBI; limba reclamelor neverificata; gasit la cautarea din 29.09
-,AR03409791767703191553,BANCO CETELEM SAU,ES,105,exclus,grup BNP Paribas (si Cetelem) de pe alta piata; exclus ca RBI; limba reclamelor neverificata; gasit la cautarea din 29.09
-,AR06811814575223078913,BNP Paribas S.A. Niederlassung Deutschland,DE,81,exclus,grup BNP Paribas (si Cetelem) de pe alta piata; exclus ca RBI; limba reclamelor neverificata; gasit la cautarea din 29.09
-,AR14483156147663536129,BNP Paribas S.A. Niederlassung Deutschland,DE,35,exclus,grup BNP Paribas (si Cetelem) de pe alta piata; exclus ca RBI; limba reclamelor neverificata; gasit la cautarea din 29.09
-,AR00247989350086737921,Bnp Paribas S.A.,FR,20,exclus,grup BNP Paribas (si Cetelem) de pe alta piata; exclus ca RBI; limba reclamelor neverificata; gasit la cautarea din 29.09
-,AR06108606400257064961,BNP Paribas,FR,8,exclus,grup BNP Paribas (si Cetelem) de pe alta piata; exclus ca RBI; limba reclamelor neverificata; gasit la cautarea din 29.09
-,AR08466628005077188609,BNP PARIBAS PERSONAL FINANCE SA,FR,6,exclus,grup BNP Paribas (si Cetelem) de pe alta piata; exclus ca RBI; limba reclamelor neverificata; gasit la cautarea din 29.09
-,AR12735363513438961665,BNP Paribas Real Estate Advisory & Property Management UK Limited,GB,6,exclus,grup BNP Paribas (si Cetelem) de pe alta piata; exclus ca RBI; limba reclamelor neverificata; gasit la cautarea din 29.09
-,AR01291065932227018753,GIE BNP PARIBAS CARDIF,FR,5,exclus,grup BNP Paribas (si Cetelem) de pe alta piata; exclus ca RBI; limba reclamelor neverificata; gasit la cautarea din 29.09
-,AR06578554815477972993,"BNP Paribas Personal Finance, S.A., Sucursal em Portugal",PT,4,exclus,grup BNP Paribas (si Cetelem) de pe alta piata; exclus ca RBI; limba reclamelor neverificata; gasit la cautarea din 29.09
-,AR16028170284783632385,BANCO CETELEM SA,ES,4,exclus,grup BNP Paribas (si Cetelem) de pe alta piata; exclus ca RBI; limba reclamelor neverificata; gasit la cautarea din 29.09
-,AR16443992714686496769,BNP PARIBAS S.A.,FR,4,exclus,grup BNP Paribas (si Cetelem) de pe alta piata; exclus ca RBI; limba reclamelor neverificata; gasit la cautarea din 29.09
-,AR03239520074175873025,BNP PARIBAS,GB,4,exclus,grup BNP Paribas (si Cetelem) de pe alta piata; exclus ca RBI; limba reclamelor neverificata; gasit la cautarea din 29.09
-,AR15276500550707838977,BNP Paribas SA,NL,4,exclus,grup BNP Paribas (si Cetelem) de pe alta piata; exclus ca RBI; limba reclamelor neverificata; gasit la cautarea din 29.09
-,AR06625186684159918081,BNP Paribas S.A.,DE,3,exclus,grup BNP Paribas (si Cetelem) de pe alta piata; exclus ca RBI; limba reclamelor neverificata; gasit la cautarea din 29.09
-,AR13185396560445308929,BNP PARIBAS BANK POLSKA SPOLKA AKCYJNA,PL,3,exclus,grup BNP Paribas (si Cetelem) de pe alta piata; exclus ca RBI; limba reclamelor neverificata; gasit la cautarea din 29.09
-,AR04725464959138398209,BNP Paribas Group Service Center S.A.,PL,2,exclus,grup BNP Paribas (si Cetelem) de pe alta piata; exclus ca RBI; limba reclamelor neverificata; gasit la cautarea din 29.09
-,AR18235505083737440257,BNP Paribas S.A. Niederlassung Deutschland,DE,2,exclus,grup BNP Paribas (si Cetelem) de pe alta piata; exclus ca RBI; limba reclamelor neverificata; gasit la cautarea din 29.09
-,AR02685742281113206785,"BNP Paribas SA, Netherlands Branch",NL,2,exclus,grup BNP Paribas (si Cetelem) de pe alta piata; exclus ca RBI; limba reclamelor neverificata; gasit la cautarea din 29.09
-,AR16537147943996620801,BNP PARIBAS REAL ESTATE ADVISORY SPAIN SA,ES,2,exclus,grup BNP Paribas (si Cetelem) de pe alta piata; exclus ca RBI; limba reclamelor neverificata; gasit la cautarea din 29.09
-,AR12085754434382987265,BNP PARIBAS REAL ESTATE ADVISORY FRANCE,FR,1,exclus,grup BNP Paribas (si Cetelem) de pe alta piata; exclus ca RBI; limba reclamelor neverificata; gasit la cautarea din 29.09
-,AR14450559304391983105,BNP Paribas Bank Polska Spolka Akcyjna,PL,1,exclus,grup BNP Paribas (si Cetelem) de pe alta piata; exclus ca RBI; limba reclamelor neverificata; gasit la cautarea din 29.09
-,AR03613372599058300929,BNP PARIBAS REAL ESTATE ADVISORY ITALY S .P.A.,IT,1,exclus,grup BNP Paribas (si Cetelem) de pe alta piata; exclus ca RBI; limba reclamelor neverificata; gasit la cautarea din 29.09
-,AR13170038032272719873,PKO Leasing Spolka Akcyjna,PL,50,exclus,grup PKO de pe alta piata; exclus ca RBI; limba reclamelor neverificata; gasit la cautarea din 29.09
-,AR01539736945163239425,POWSZECHNA KASA OSZCZEDNOSCI BANK POLSKI SPOLKA AKCYJNA,PL,17,exclus,grup PKO de pe alta piata; exclus ca RBI; limba reclamelor neverificata; gasit la cautarea din 29.09
-,AR08629302605832519681,Powszechna Kasa Oszczednosci Bank Polski S.A.,PL,9,exclus,grup PKO de pe alta piata; exclus ca RBI; limba reclamelor neverificata; gasit la cautarea din 29.09
-,AR03372280073095741441,CETELEM,,2,de_verificat,nume legal si tara goale (neverificat la Google); ultima afisare 2025-11-03; de deschis manual pe ATC
brd,AR09791246187460820993,Sense8 Digital Technology S.R.L.,RO,,agentie,"agentie care publica reclamele BRD: 4 in RO la cautarea brd.ro pe ATC (Nicolae, 29.09); contul are 364 de reclame in RO la 30.09, toate cu platit de gol, deci reclamele BRD nu se pot separa automat de ale altor clienti"
-,AR00147408362839998465,Bundesverband der Deutschen Volksbanken und Raiffeisenbanken e.V.,DE,,exclus,potrivire falsa la cautarea dupa platitor (platit de Bundesverband der Deutschen Volksbanken und Raiffeisenbanken e.V.); 6 in RO la 30.09
-,AR01231058831010693121,Revolution42 Limited,GB,,exclus,potrivire falsa la cautarea dupa platitor (platit de Revolution42); 3 in RO la 30.09
-,AR02254276747094654977,Raiffeisen Regionalbank Modling eGen,AT,,exclus,potrivire falsa la cautarea dupa platitor (platit de Raiffeisen Regionalbank Modling); 1 in RO la 30.09
-,AR03845658311760281601,DSR Agency GmbH,AT,,exclus,potrivire falsa la cautarea dupa platitor (platit de Raiffeisen Landesbank Karnten); 1 in RO la 30.09
-,AR04342691099987410945,Smartee Dread,GB,,exclus,potrivire falsa la cautarea dupa platitor (platit de Rasta Revolution); 1 in RO la 30.09
-,AR04584962319594815489,Oscar Martinez Roque,ES,,exclus,potrivire falsa la cautarea dupa platitor (platit de NOVACARGARANTIA S.L.); 4 in RO la 30.09
-,AR04937159224233820161,Jonkman garantiemakelaars,NL,,exclus,potrivire falsa la cautarea dupa platitor (platit de Jonkman Garantiemakelaars); 1 in RO la 30.09
intesa,AR07105193809708843009,WPP Media Romania S.R.L,RO,,agentie,"agentie care publica reclamele Intesa Sanpaolo Bank Romania: 42 in RO la 30.09, toate cu platit de INTESA SANPAOLO BANK; gasita prin ad_funded_by"
-,AR07247325212520218625,OnderhoudNL Garantie,NL,,exclus,potrivire falsa la cautarea dupa platitor (platit de Vakwerk Plusgarantie); 7 in RO la 30.09
-,AR09029235804223832065,WAVEMAKER Italia S.r.l,IT,,exclus,"agentie din Italia pentru Intesa Sanpaolo Italia (2 in RO, platit de Intesa Sanpaolo); alta piata, exclus ca RBI"
-,AR09185798159710814209,GARFIDI GARANZIA SUL CREDITO ALTO ADIGE - SOCIETA' COOPERATIVA A MUTUALITA' PREVALENTE,IT,,exclus,potrivire falsa la cautarea dupa platitor (platit de Garfidi  Kreditgarantie Sudtirol); 1 in RO la 30.09
-,AR10755992496086450177,Snellmanin Kokkikartano Oy,FI,,exclus,potrivire falsa la cautarea dupa platitor (platit de DNM13 Revolution Oy); 1 in RO la 30.09
-,AR12506668453525979137,Shuhari Tech Ventures Pvt Ltd,IN,,exclus,potrivire falsa la cautarea dupa platitor (platit de Shuhari Tech Ventures Private Limited); 2 in RO la 30.09
-,AR12963373603377643521,Trimline International LLC,US,,exclus,potrivire falsa la cautarea dupa platitor (platit de Trimline Tech Ventures); 3 in RO la 30.09
-,AR14846522149115527169,"Proactive Health Labs, Inc.",US,,exclus,potrivire falsa la cautarea dupa platitor (platit de Revolutions by Proactive Health Lab); 1 in RO la 30.09
-,AR15882103910245072897,Raiffeisenverband Suedtirol Genossenschaft,IT,,exclus,potrivire falsa la cautarea dupa platitor (platit de Raiffeisenverband Sudtirol Genossenschaft); 11 in RO la 30.09
-,AR16160611030194454529,"Natural Grocers by Vitamin Cottage, Inc",US,,exclus,potrivire falsa la cautarea dupa platitor (platit de Revolution Media Inc.); 5 in RO la 30.09
