slug,retea,url,nivel,sursa,incredere,nota
banca-transilvania,facebook,https://www.facebook.com/BancaTransilvania/,RO,cautare web,mare,site 403
banca-transilvania,linkedin,https://www.linkedin.com/company/banca-transilvania,RO,cautare web,mare,site 403
banca-transilvania,instagram,https://www.instagram.com/banca_transilvania/,RO,cautare web,mare,site 403
banca-transilvania,tiktok,https://www.tiktok.com/@banca_transilvania,RO,cautare web,mare,site 403
bcr,facebook,https://www.facebook.com/BCRRomania,RO,site banca,mare,site mai leaga si facebook.com/BCR.Romania
bcr,linkedin,https://www.linkedin.com/company/bcr,RO,site banca,mare,
bcr,instagram,https://www.instagram.com/georgepeinsta/,RO,site banca,mare,contul George (brandul digital BCR)
bcr,tiktok,https://www.tiktok.com/@bcr,RO,site banca,mare,
cec,facebook,https://www.facebook.com/cecbank/,RO,cautare web,mare,site 403
cec,linkedin,https://www.linkedin.com/company/cecbank,RO,cautare web,mare,site 403
cec,instagram,https://www.instagram.com/cecbank/,RO,cautare web,mare,site 403
cec,tiktok,https://www.tiktok.com/@cec_bank,RO,cautare web,medie,handle diferit de celelalte retele
ing,facebook,http://www.facebook.com/INGWebCafe,RO,site banca,mare,
ing,linkedin,https://www.linkedin.com/company/ing-romania,RO,site banca,mare,
ing,instagram,https://www.instagram.com/ingromania/,RO,site banca,mare,
ing,tiktok,https://www.tiktok.com/@ing.romania,RO,site banca,mare,
brd,facebook,https://www.facebook.com/BRDGroupeSocieteGenerale,RO,site banca,mare,site mai leaga BRDStudent si BRDMindcraft
brd,linkedin,https://www.linkedin.com/company/brd,RO,cautare web,mare,
brd,instagram,https://www.instagram.com/brd_groupesocietegenerale/,RO,site banca,mare,
brd,tiktok,https://www.tiktok.com/@brdgroupesocietegenerale,RO,cautare web,mare,
raiffeisen,facebook,https://www.facebook.com/RaiffeisenBankRomania,RO,site banca,mare,
raiffeisen,linkedin,https://www.linkedin.com/company/raiffeisen-bank-romania,RO,site banca,mare,
raiffeisen,instagram,https://www.instagram.com/raiffeisenbankro/,RO,site banca,mare,
raiffeisen,tiktok,https://www.tiktok.com/@raiffeisen.bank.ro,RO,cautare web,mare,
unicredit,facebook,https://www.facebook.com/UniCreditRomania/,RO,cautare web,medie,exista si facebook.com/UniCreditBankRomania; neclar care e activa
unicredit,linkedin,https://www.linkedin.com/company/unicredit-romania,RO,cautare web,mare,site 403
unicredit,instagram,https://www.instagram.com/unicredit_bank_romania/,RO,cautare web,mare,site 403
unicredit,tiktok,https://www.tiktok.com/@unicredit,grup,cautare web,medie,fara cont RO
intesa,facebook,https://www.facebook.com/IntesaSanpaoloBankRomania/,RO,cautare web,mare,site 403
intesa,linkedin,https://www.linkedin.com/company/intesa-sanpaolo-bank-romania,RO,cautare web,mare,site 403
intesa,instagram,NEGASIT,,,,@intesasanpaolo e grupul italian
intesa,tiktok,NEGASIT,,,,@intesa_sanpaolo_bank e banca din Slovenia
vista,facebook,https://www.facebook.com/VISTA-Bank-Romania-1395518060586257/,RO,site banca,mare,
vista,linkedin,https://www.linkedin.com/company/vista-bank-romania,RO,site banca,mare,
vista,instagram,NEGASIT,,,,@vistabank e din SUA
vista,tiktok,NEGASIT,,,,
patria,facebook,https://www.facebook.com/patriabank,RO,site banca,mare,
patria,linkedin,https://www.linkedin.com/company/patria-bank,RO,site banca,mare,
patria,instagram,https://www.instagram.com/patriabank_ro,RO,site banca,mare,
patria,tiktok,NEGASIT,,,,
exim,facebook,https://www.facebook.com/EximBancaRomaneascaOficial,RO,site banca,mare,site mai leaga si EximBankOficial
exim,linkedin,https://www.linkedin.com/company/eximbank/,RO,site banca,mare,
exim,instagram,https://www.instagram.com/eximbancaromaneasca/,RO,cautare web,mare,
exim,tiktok,NEGASIT,,,,
libra,facebook,https://www.facebook.com/LibraInternetBank,RO,site banca,mare,angajator
libra,linkedin,https://www.linkedin.com/company/libra-bank,RO,site banca,mare,angajator
libra,instagram,https://www.instagram.com/libra_internet_bank/,RO,site banca,mare,angajator
libra,tiktok,https://www.tiktok.com/@librainternetbank,RO,site banca,mare,angajator
procredit,facebook,https://www.facebook.com/procreditbankromania,RO,site banca,mare,
procredit,linkedin,https://www.linkedin.com/company/procredit-bank-romania,RO,site banca,mare,
procredit,instagram,https://www.instagram.com/procreditbankromania/,RO,site banca,mare,
procredit,tiktok,NEGASIT,,,,
revolut,facebook,https://www.facebook.com/RevolutRO/,RO,cautare web,mare,site leaga doar facebook.com/revolut (global)
revolut,linkedin,https://www.linkedin.com/company/revolut,grup,site banca,mare,fara pagina RO
revolut,instagram,https://www.instagram.com/revolut/,grup,site banca,mare,@revolut.romania are 22 urmaritori; probabil neoficial
revolut,tiktok,https://www.tiktok.com/@revolut,grup,site banca,mare,fara cont RO
tbi,facebook,https://www.facebook.com/tbibank.ro,RO,site banca,mare,
tbi,linkedin,https://www.linkedin.com/company/tbibank/,grup,site banca,mare,
tbi,instagram,https://www.instagram.com/tbibank.ro,RO,site banca,mare,
tbi,tiktok,NEGASIT,,,,exista doar @tbibank.bg (Bulgaria)
garanti,facebook,https://www.facebook.com/GarantiBBVARomania/,RO,site banca,mare,
garanti,linkedin,https://www.linkedin.com/company/garanti-bbva-romania/,RO,site banca,mare,
garanti,instagram,https://www.instagram.com/garantibbva_romania/,RO,site banca,mare,
garanti,tiktok,NEGASIT,,,,@garantibbva e grupul turc
salt,facebook,https://www.facebook.com/SaltBankRO,RO,site banca,mare,
salt,linkedin,https://www.linkedin.com/company/saltbankro,RO,site banca,mare,
salt,instagram,https://www.instagram.com/saltbankro/,RO,site banca,mare,
salt,tiktok,https://www.tiktok.com/@saltbankro,RO,site banca,mare,
citibank,facebook,https://www.facebook.com/citi/,grup,cautare web,mare,fara cont RO; in RO doar clienti corporate
citibank,linkedin,https://www.linkedin.com/company/citibank-europe,grup,cautare web,mare,entitatea-mama a sucursalei
citibank,instagram,https://www.instagram.com/citi/,grup,cautare web,mare,fara cont RO
citibank,tiktok,https://www.tiktok.com/@citi,grup,cautare web,medie,fara cont RO
bnpparibas,facebook,https://www.facebook.com/BNPParibasGroup/,grup,cautare web,mare,fara cont RO
bnpparibas,linkedin,https://www.linkedin.com/company/bnp-paribas,grup,site banca,mare,fara pagina RO
bnpparibas,instagram,https://instagram.com/bnpparibas/,grup,site banca,mare,fara cont RO
bnpparibas,tiktok,https://www.tiktok.com/@bnpparibas,grup,cautare web,mare,fara cont RO
creditcoop,facebook,https://www.facebook.com/BCCCreditcoop,RO,site banca,mare,
creditcoop,linkedin,https://www.linkedin.com/company/bcc-creditcoop/,RO,site banca,mare,
creditcoop,instagram,NEGASIT,,,,@creditcoop e brazilian
creditcoop,tiktok,NEGASIT,,,,
bid,facebook,NEGASIT,,,,
bid,linkedin,https://www.linkedin.com/company/banca-de-investitii-si-dezvoltare,RO,cautare web,mare,
bid,instagram,NEGASIT,,,,
bid,tiktok,NEGASIT,,,,
bankofchina,facebook,NEGASIT,,,,exista doar SG/HK/Beijing
bankofchina,linkedin,https://www.linkedin.com/company/bank-of-china-romania,RO,cautare web,mare,
bankofchina,instagram,NEGASIT,,,,exista doar HK
bankofchina,tiktok,NEGASIT,,,,
credex,facebook,https://www.facebook.com/credexifn,RO,site banca,mare,conturile poarta inca numele IFN
credex,linkedin,https://www.linkedin.com/company/credex-ifn,RO,site banca,mare,
credex,instagram,https://www.instagram.com/credex_ifn/,RO,site banca,mare,
credex,tiktok,NEGASIT,,,,
techventures,facebook,https://www.facebook.com/techventures.bank,RO,site banca,mare,
techventures,linkedin,https://www.linkedin.com/company/techventuresbank,RO,site banca,mare,
techventures,instagram,https://www.instagram.com/techventures_bank/,RO,site banca,medie,site leaga @techventures_bank; cautarea gaseste @techventures.bank cu descrierea bancii
techventures,tiktok,NEGASIT,,,,
brci,facebook,https://www.facebook.com/pages/BRCI-Banca-Rom%C3%A2n%C4%83-de-Credite-%C5%9Fi-Investi%C5%A3ii/1414785792161177,RO,site banca,mare,
brci,linkedin,https://www.linkedin.com/company/banca-rom%C3%A2n%C4%83-de-credite-%C8%99i-investi%C8%9Bii,RO,cautare web,mare,
brci,instagram,https://www.instagram.com/brci/,RO?,cautare web,mica,nimic nu il leaga de banca
brci,tiktok,NEGASIT,,,,
bcr-locuinte,facebook,https://www.facebook.com/146894232076206,RO,cautare web,medie,activitate neverificata
bcr-locuinte,linkedin,https://www.linkedin.com/company/bcr-banca-pentru-locuinte,RO,cautare web,mare,
bcr-locuinte,instagram,NEGASIT,,,,
bcr-locuinte,tiktok,NEGASIT,,,,
nexent,facebook,https://www.facebook.com/CardAvantaj/,RO,cautare web,medie,pagina brandului CardAvantaj
nexent,linkedin,https://www.linkedin.com/company/nexentbank/,RO,site banca,mare,
nexent,instagram,https://www.instagram.com/cardavantaj/,RO,cautare web,mare,titular Nexent Bank Sucursala Bucuresti
nexent,tiktok,NEGASIT,,,,
cetelem,facebook,https://www.facebook.com/Cetelem.ro,RO,site banca,mare,
cetelem,linkedin,https://www.linkedin.com/company/cetelem,grup,cautare web,medie,
cetelem,instagram,NEGASIT,,,,
cetelem,tiktok,NEGASIT,,,,exista doar Portugalia
banorient,facebook,https://www.facebook.com/p/Banque-Banorient-France-61558149094081/,grup,cautare web,medie,robots.txt interzice site-ul
banorient,linkedin,https://www.linkedin.com/company/banque-banorient-france,grup,cautare web,mare,robots.txt interzice site-ul
banorient,instagram,https://www.instagram.com/banorientfrance/,grup,cautare web,mare,descrierea mentioneaza Romania
banorient,tiktok,NEGASIT,,,,
pko,facebook,https://www.facebook.com/PKOBankPolski,grup,site banca,mare,sucursala RO doar corporate
pko,linkedin,https://www.linkedin.com/company/pko-bp,grup,site banca,mare,
pko,instagram,https://www.instagram.com/pkobp/,grup,cautare web,mare,
pko,tiktok,NEGASIT,,,,
